ID,Name,Macroarea,Latitude,Longitude,Glottocode,ISO639P3code
basa1287,Basay,,,,basa1287,
keta1243,Ketangalan,,,,keta1243,
kava1241,Kavalan,,,,kava1241,
saki1247,Sakizaya,,,,saki1247,
amis1246,Amis,,,,amis1246,
sira1267,Sirayaic,,,,sira1267,
kulo1238,Kulon,,,,kulo1238,
sais1237,Saisiyat,,,,sais1237,
kulo1237,Pazeh-Kahabu,,,,kulo1237,
atay1247,Atayal,,,,atay1247,
taro1264,Seediq,,,,taro1264,
papo1239,Papora-Hoanya,,,,papo1239,
babu1240,Babuza,,,,babu1240,
thao1240,Thao,,,,thao1240,
bunu1267,Bunun,,,,bunu1267,
kana1286,Kanakanavu,,,,kana1286,
saar1237,Saaroa,,,,saar1237,
tsou1248,Tsou,,,,tsou1248,
ruka1240,Rukai,,,,ruka1240,
puyu1239,Puyuma,,,,puyu1239,
paiw1248,Paiwan,,,,paiw1248,
yami1254,Yami,,,,yami1254,
ivat1242,Itbayat,,,,ivat1242,
ibat1238,Ibatan,,,,ibat1238,
isna1241,Isnag,,,,isna1241,
fair1238,Faire Atta,,,,fair1238,
pamp1244,Pamplona Atta,,,,pamp1244,
pudt1235,Pudtol Atta,,,,pudt1235,
mala1534,Malaweg,,,,mala1534,
adas1235,Adasen,,,,adas1235,
iban1267,Ibanag,,,,iban1267,
gada1258,Ga'dang,,,,gada1258,
gadd1244,Gaddang,,,,gadd1244,
cent2084,Central Cagayan Agta,,,,cent2084,
itaw1240,Itawit,,,,itaw1240,
yoga1237,Yogad,,,,yoga1237,
dica1235,Dicamay Agta,,,,dica1235,
dupa1235,Dupaninan Agta,,,,dupa1235,
casi1235,Casiguran-Nagtipunan Agta,,,,casi1235,
agta1234,Agta-Pahanan,,,,agta1234,
para1306,Paranan,,,,para1306,
bino1237,Binongan Itneg,,,,bino1237,
inla1260,Inlaod Itneg,,,,inla1260,
lubu1243,Lubuagan Kalinga,,,,lubu1243,
sout2908,Bangad,,,,sout2908,
butb1235,Butbut Kalinga,,,,butb1235,
madu1248,Madukayang Kalinga,,,,madu1248,
lowe1412,Tanudan Kalinga,,,,lowe1412,
masa1307,Masadiit Itneg,,,,masa1307,
moya1235,Moyadan Itneg,,,,moya1235,
limo1248,Limos Kalinga,,,,limo1248,
bana1288,Banao Itneg,,,,bana1288,
maba1279,Mabaka Valley Kalinga,,,,maba1279,
bala1310,Balangao,,,,bala1310,
cent2292,Central Bontoc,,,,cent2292,
fina1242,Eastern-Southern Bontok,,,,fina1242,
kank1243,Kankanaey,,,,kank1243,
maen1235,Maeng Itneg,,,,maen1235,
nort2877,Northern Kankanay,,,,nort2877,
amga1235,Amganad Ifugao,,,,amga1235,
bata1298,Batad Ifugao,,,,bata1298,
mayo1262,Mayoyao Ifugao,,,,mayo1262,
tuwa1243,Tuwali Ifugao,,,,tuwa1243,
isin1239,Isinai,,,,isin1239,
ilon1239,Ilongot,,,,ilon1239,
iwak1237,I-Wak,,,,iwak1237,
ibal1244,Ibaloi,,,,ibal1244,
ahin1234,Ahin-Kayapa Kalanguya,,,,ahin1234,
kele1259,Keley-i Kallahan,,,,kele1259,
kara1487,Karao,,,,kara1487,
pang1290,Pangasinan,,,,pang1290,
nort2875,Northern Alta,,,,nort2875,
sout2905,Southern Alta,,,,sout2905,
arta1239,Arta,,,,arta1239,
ilok1237,Iloko,,,,ilok1237,
aben1249,Abenlen Ayta,,,,aben1249,
boto1242,Botolan Sambal,,,,boto1242,
amba1267,Ambala Ayta,,,,amba1267,
bata1297,Bataan Ayta,,,,bata1297,
maga1263,Mag-Anchi Ayta,,,,maga1263,
magi1241,Mag-Indi Ayta,,,,magi1241,
boli1256,Bolinao,,,,boli1256,
tina1248,Tinà Sambal,,,,tina1248,
pamp1243,Pampanga,,,,pamp1243,
remo1247,Hatang Kayi,,,,remo1247,
kasi1256,Kasiguranin,,,,kasi1256,
taga1270,Tagalog,,,,taga1270,
fili1244,Filipino,,,,fili1244,
alab1246,Alabat Island Agta,,,,alab1246,
cama1250,Camarines Norte Agta,,,,cama1250,
cent2087,Coastal-Naga Bikol,,,,cent2087,
sout2912,Coastal-Virac Bikol,,,,sout2912,
isar1235,Isarog Agta,,,,isar1235,
mtir1236,Mt. Iraya Agta,,,,mtir1236,
mtir1235,Mt. Iriga Agta,,,,mtir1235,
alba1269,Inland-Buhi-Daraga Bikol,,,,alba1269,
irig1242,Iriga Bicolano,,,,irig1242,
nort2883,Northern Catanduanes Bicolano,,,,nort2883,
bant1288,Bantoanon,,,,bant1288,
bant1293,Bantayanon,,,,bant1293,
capi1239,Capiznon,,,,capi1239,
hili1240,Hiligaynon,,,,hili1240,
masb1237,Masbate Sorsogon,,,,masb1237,
masb1238,Masbatenyo,,,,masb1238,
poro1253,Porohanon,,,,poro1253,
romb1245,Romblomanon,,,,romb1245,
bayb1234,Baybayanon,,,,bayb1234,
kina1252,Kinabalian,,,,kina1252,
wara1300,Waray (Philippines),,,,wara1300,
wara1299,Waray Sorsogon,,,,wara1299,
akla1240,Aklanon,,,,akla1240,
inon1237,Inonhan,,,,inon1237,
kina1250,Kinaray-a,,,,kina1250,
sulo1237,Sulod,,,,sulo1237,
cuyo1237,Cuyonon,,,,cuyo1237,
calu1238,Caluyanun,,,,calu1238,
rata1245,Ratagnon,,,,rata1245,
karo1299,Northern Binukidnon,,,,karo1299,
maga1264,Southern Binukidnon,,,,maga1264,
ataa1240,Ata,,,,ataa1240,
butu1244,Butuanon,,,,butu1244,
taus1251,Tausug,,,,taus1251,
suri1273,Surigaonon,,,,suri1273,
tand1258,Tandaganon,,,,tand1258,
cebu1242,Cebuano,,,,cebu1242,
mama1275,Mamanwa,,,,mama1275,
dava1245,Davawenyo,,,,dava1245,
kara1489,Mandaya,,,,kara1489,
mans1262,Mansaka,,,,mans1262,
kama1363,Kamayo,,,,kama1363,
kaga1255,Kagan Kalagan,,,,kaga1255,
kala1388,Kalagan,,,,kala1388,
taga1268,Tagakaulu Kalagan,,,,taga1268,
umir1236,Umiray Dumaget Agta,,,,umir1236,
east2482,Eastern Tawbuid,,,,east2482,
west2559,Western Tawbuid,,,,west2559,
buhi1245,Buhid,,,,buhi1245,
hanu1241,Hanunoo,,,,hanu1241,
kaga1256,Kagayanen,,,,kaga1256,
higa1237,Higaonon,,,,higa1237,
binu1244,Talaandig-Binukid,,,,binu1244,
cina1236,Cinamiguin Manobo,,,,cina1236,
atam1240,Ata Manobo,,,,atam1240,
mati1250,Matigsalug Manobo,,,,mati1250,
agus1235,Agusan Manobo,,,,agus1235,
diba1242,Dibabawon Manobo,,,,diba1242,
raja1254,Rajah Kabunsuwan Manobo,,,,raja1254,
obom1235,Obo Manobo,,,,obom1235,
ilia1236,Ilianen Manobo,,,,ilia1236,
west2555,Western Bukidnon Manobo,,,,west2555,
cota1241,Cotabato Manobo,,,,cota1241,
sara1327,Sarangani Manobo,,,,sara1327,
taga1272,Tagabawa,,,,taga1272,
cent2089,Central Subanen,,,,cent2089,
east2694,Eastern Subanen,,,,east2694,
nort2885,Northern Subanen,,,,nort2885,
lapu1236,Lapuyan Subanun,,,,lapu1236,
koli1253,Kolibugan Subanon,,,,koli1253,
west2557,Western Subanon,,,,west2557,
bata1301,Batak,,,,bata1301,
cent2090,Central Tagbanwa,,,,cent2090,
tagb1258,Tagbanwa,,,,tagb1258,
molb1237,Molbog,,,,molb1237,
broo1239,Brooke's Point Palawano,,,,broo1239,
sout2916,Southwest Palawano,,,,sout2916,
cent2091,Central Palawano,,,,cent2091,
taut1234,Taut Batu,,,,taut1234,
iran1262,Iranun,,,,iran1262,
magu1243,Maguindanao,,,,magu1243,
mara1404,Maranao,,,,mara1404,
mong1342,Mongondow,,,,mong1342,
pono1240,Ponosakan,,,,pono1240,
bint1245,Bintauna,,,,bint1245,
bola1252,Bolango,,,,bola1252,
buol1237,Buol,,,,buol1237,
goro1259,Gorontalo,,,,goro1259,
kaid1239,Kaidipang,,,,kaid1239,
lola1250,Lolak,,,,lola1250,
suwa1241,Suwawa,,,,suwa1241,
alan1249,Alangan,,,,alan1249,
iray1237,Iraya,,,,iray1237,
tady1237,Tadyawan,,,,tady1237,
cala1258,Calamian Tagbanwa,,,,cala1258,
agut1237,Agutaynen,,,,agut1237,
atii1237,Ati,,,,atii1237,
gian1241,Giangan,,,,gian1241,
tiru1241,Tiruray,,,,tiru1241,
koro1310,Koronadal Blaan,,,,koro1310,
sara1326,Sarangani Blaan,,,,sara1326,
tbol1240,Tboli,,,,tbol1240,
sang1337,Sangil,,,,sang1337,
sang1336,Sangir,,,,sang1336,
tala1285,Talaud,,,,tala1285,
bant1286,Bantik,,,,bant1286,
rata1244,Ratahan,,,,rata1244,
tomb1243,Tombulu,,,,tomb1243,
tond1251,Tondano,,,,tond1251,
tons1240,Tonsea,,,,tons1240,
tont1239,Tontemboan,,,,tont1239,
tons1239,Tonsawang,,,,tons1239,
toto1304,Totoli,,,,toto1304,
boan1243,Boano (Sulawesi),,,,boan1243,
dond1249,Dondo,,,,dond1249,
lauj1238,Lauje,,,,lauj1238,
tomi1243,Tomini,,,,tomi1243,
bala1314,Balaesang,,,,bala1314,
damp1237,Dampelas,,,,damp1237,
pend1242,Pendau,,,,pend1242,
taje1237,Taje,,,,taje1237,
taji1246,Tajio,,,,taji1246,
andi1257,Andio,,,,andi1257,
batu1260,Batui,,,,batu1260,
salu1253,Saluan,,,,salu1253,
bobo1255,Bobongko,,,,bobo1255,
bala1315,Balantak,,,,bala1315,
bang1368,Banggai,,,,bang1368,
kada1286,Kadai,,,,kada1286,
tali1262,Taliabu,,,,tali1262,
baho1237,Bahonsuai,,,,baho1237,
bung1269,Bungku,,,,bung1269,
koro1311,Koroni,,,,koro1311,
kuli1254,Kulisusu,,,,kuli1254,
mori1268,Mori Bawah,,,,mori1268,
talo1252,Taloki,,,,talo1252,
wawo1239,Wawonii,,,,wawo1239,
moro1287,Moronene,,,,moro1287,
mori1269,Mori Atas,,,,mori1269,
pado1242,Padoe,,,,pado1242,
toma1248,Tomadino,,,,toma1248,
kode1237,Kodeoha,,,,kode1237,
raha1237,Rahambuu,,,,raha1237,
tola1247,Tolaki,,,,tola1247,
waru1266,Waru,,,,waru1266,
ciac1237,Cia-Cia,,,,ciac1237,
kumb1274,Kumbewaha,,,,kumb1274,
lasa1237,Lasalimu,,,,lasa1237,
buso1238,Busoa,,,,buso1238,
kaim1241,Kaimbulawa,,,,kaim1241,
kiok1239,Kioko,,,,kiok1239,
liab1237,Liabuku,,,,liab1237,
muna1247,Muna,,,,muna1247,
panc1247,Pancana,,,,panc1247,
tuka1248,Tukang Besi North,,,,tuka1248,
tuka1249,Tukang Besi South,,,,tuka1249,
bone1254,Bonerate,,,,bone1254,
bara1371,Baras,,,,bara1371,
daak1235,Da'a Kaili,,,,daak1235,
ledo1238,Ledo Kaili,,,,ledo1238,
unde1235,Unde Kaili,,,,unde1235,
moma1242,Moma,,,,moma1242,
lind1248,Tado-Lindu,,,,lind1248,
sedo1237,Sedoa,,,,sedo1237,
pamo1252,Pamona,,,,pamo1252,
tomb1245,Tombelala,,,,tomb1245,
saru1242,Sarudu,,,,saru1242,
umaa1242,Uma,,,,umaa1242,
topo1243,Topoiyo,,,,topo1243,
kama1364,Kamaru,,,,kama1364,
woli1241,Wolio,,,,woli1241,
laiy1246,Laiyolo,,,,laiy1246,
kala1394,Kalao,,,,kala1394,
wotu1240,Wotu,,,,wotu1240,
bada1261,Bada (Indonesia),,,,bada1261,
beso1237,Besoa,,,,beso1237,
napu1241,Napu,,,,napu1241,
ramp1243,Rampi,,,,ramp1243,
budo1241,Budong-Budong,,,,budo1241,
pana1303,Panasuan,,,,pana1303,
seko1243,Seko Padang,,,,seko1243,
seko1242,Seko Tengah,,,,seko1242,
lemo1243,Lemolang,,,,lemo1243,
kalu1247,Kalumpang,,,,kalu1247,
mama1276,Mamasa,,,,mama1276,
taee1237,Tae',,,,taee1237,
talo1251,Talondo',,,,talo1251,
tora1261,Toraja-Sa'dan,,,,tora1261,
mamu1255,Mamuju,,,,mamu1255,
dakk1238,Dakka,,,,dakk1238,
aral1243,Aralle-Tabulahan,,,,aral1243,
bamb1270,Bambam,,,,bamb1270,
ulum1237,Ulumanda',,,,ulum1237,
pann1239,Pannei,,,,pann1239,
mand1442,Mandar,,,,mand1442,
duri1242,Duri,,,,duri1242,
enre1239,Enrekang,,,,enre1239,
maiw1250,Maiwa (Indonesia),,,,maiw1250,
mali1283,Malimpung,,,,mali1283,
bugi1244,Buginese,,,,bugi1244,
camp1262,Campalagian,,,,camp1262,
emba1238,Embaloh,,,,emba1238,
tama1335,Taman (Indonesia),,,,tama1335,
coas1295,Coastal Konjo,,,,coas1295,
high1275,Highland Konjo,,,,high1275,
bent1237,Bentong,,,,bent1237,
maka1311,Makasar,,,,maka1311,
sela1260,Selayar,,,,sela1260,
basa1286,Basap,,,,basa1286,
inab1237,Inabaknon,,,,inab1237,
indo1317,Indonesian Bajau,,,,indo1317,
mapu1244,Mapun,,,,mapu1244,
west2560,West Coast Bajau,,,,west2560,
bala1311,Balangingi,,,,bala1311,
cent2092,Central Sama,,,,cent2092,
sout2918,Southern Sama,,,,sout2918,
pang1291,Pangutaran Sama,,,,pang1291,
yaka1277,Yakan,,,,yaka1277,
ampa1239,Ampanang,,,,ampa1239,
tunj1244,Tunjung,,,,tunj1244,
dusu1269,Dusun Malang,,,,dusu1269,
lawa1257,Lawangan,,,,lawa1257,
tawo1243,Tawoyan,,,,tawo1243,
dusu1271,Dusun Deyah,,,,dusu1271,
kohi1250,Kohin,,,,kohi1250,
otda1235,Ot Danum,,,,otda1235,
sian1254,Siang,,,,sian1254,
baku1263,Bakumpai,,,,baku1263,
ngaj1237,Ngaju,,,,ngaj1237,
dusu1267,Dusun Witu,,,,dusu1267,
maan1238,Ma'anyan,,,,maan1238,
paku1239,Paku,,,,paku1239,
plat1254,Plateau Malagasy,,,,plat1254,
sout2920,Southern Betsimisaraka Malagasy,,,,sout2920,
bush1250,Kibosy Kiantalaotsy-Majunga,,,,bush1250,
anta1255,Antankarana Malagasy,,,,anta1255,
nort2890,Northern Betsimisaraka Malagasy,,,,nort2890,
tsim1257,Tsimihety Malagasy,,,,tsim1257,
bara1369,Bara Malagasy,,,,bara1369,
tano1246,Tanosy Malagasy,,,,tano1246,
masi1268,Masikoro Malagasy,,,,masi1268,
saka1291,West Malagasy Sakalava,,,,saka1291,
maha1309,Mahafaly-Antanalana Malagasy,,,,maha1309,
tesa1236,Tesaka Malagasy,,,,tesa1236,
tand1256,Tandroy Malagasy,,,,tand1256,
bong1289,Bonggi,,,,bong1289,
idaa1241,Ida'an,,,,idaa1241,
dump1242,Dumpas,,,,dump1242,
labu1249,Labuk-Kinabatangan Kadazan,,,,labu1249,
rung1259,Rungus,,,,rung1259,
kima1244,Kimaragang,,,,kima1244,
tobi1239,Tobilung,,,,tobi1239,
kota1279,Kota Marudu Talantang,,,,kota1279,
cent2100,Kadazan Dusun,,,,cent2100,
mino1243,Minokok,,,,mino1243,
sugu1243,Sugut Dusun,,,,sugu1243,
kuij1237,Kuijau,,,,kuij1237,
klia1235,Klias River Kadazan,,,,klia1235,
tomb1244,Tombonuo,,,,tomb1244,
abai1240,Abai Sungai,,,,abai1240,
lana1236,Lanas Lobu,,,,lana1236,
tamp1254,Tampias Lobu,,,,tamp1254,
uppe1427,Upper Kinabatangan,,,,uppe1427,
seru1246,Serudung Murut,,,,seru1246,
brun1245,Brunei Bisaya-Dusun,,,,brun1245,
lotu1250,Lotud,,,,lotu1250,
saba1267,Sabah Bisaya,,,,saba1267,
gana1277,Gana,,,,gana1277,
book1241,Bookan,,,,book1241,
keni1249,Keningau Murut,,,,keni1249,
timu1262,Timugon Murut,,,,timu1262,
palu1253,Paluan,,,,palu1253,
taga1273,Tagal Murut,,,,taga1273,
buru1304,Burusu,,,,buru1304,
nort3262,Northern Tidung,,,,nort3262,
sout3241,Southern Tidung,,,,sout3241,
kala1391,Kalabakan,,,,kala1391,
okol1241,Okolod,,,,okol1241,
selu1243,Selungai Murut,,,,selu1243,
semb1240,Sembakung Murut,,,,semb1240,
abai1241,Abai Tubu-Abai Sembuak,,,,abai1241,
papa1268,Papar,,,,papa1268,
tata1257,Tatana,,,,tata1257,
bolo1268,Bolongan,,,,bolo1268,
kipu1237,Kiput,,,,kipu1237,
bela1260,Lemeting,,,,bela1260,
tuto1241,Tutong,,,,tuto1241,
lela1246,Lelak,,,,lela1246,
naro1251,Narom,,,,naro1251,
cent2098,Central Berawan,,,,cent2098,
east2486,East Berawan,,,,east2486,
west2564,West Berawan,,,,west2564,
kela1258,Kelabit,,,,kela1258,
leng1260,Lengilu,,,,leng1260,
lund1271,Lundayeh,,,,lund1271,
saba1265,Sa'ban,,,,saba1265,
trin1273,Tring,,,,trin1273,
bint1246,Bintulu,,,,bint1246,
waha1238,Eastern Lowland Kenyah,,,,waha1238,
east2485,Eastern Penan,,,,east2485,
sebo1238,Sebop,,,,sebo1238,
west2563,Western Penan,,,,west2563,
long1406,Western Lowland Kenyah,,,,long1406,
umal1239,Uma' Lasan,,,,umal1239,
umal1238,Uma' Lung,,,,umal1238,
main1275,Usun Apau Kenyah,,,,main1275,
kaja1250,Kajaman,,,,kaja1250,
laha1253,Lahanan,,,,laha1253,
seka1248,Sekapan,,,,seka1248,
cent2101,Central Melanau,,,,cent2101,
daro1239,Daro-Matu Melanau,,,,daro1239,
kano1244,Kanowit-Tanjong Melanau,,,,kano1244,
sibu1258,Sibu Melanau,,,,sibu1258,
puna1267,Punan Aput,,,,puna1267,
puna1278,Punan Batu 1,,,,puna1278,
puna1268,Punan Merah,,,,puna1268,
sian1255,Sihan,,,,sian1255,
buka1261,Bukat,,,,buka1261,
buki1248,Bukitan,,,,buki1248,
ukit1237,Ukit,,,,ukit1237,
puna1275,Punan Bah-Biau,,,,puna1275,
puna1266,Punan Tubu,,,,puna1266,
saja1241,Sajau-Latti,,,,saja1241,
aohe1237,Aoheng-Seputan,,,,aohe1237,
hovo1239,Hobongan,,,,hovo1239,
kere1285,Kereho,,,,kere1285,
baha1257,Bahau,,,,baha1257,
bara1370,Baram Kayan,,,,bara1370,
kaya1325,Kayan River Kayan,,,,kaya1325,
mend1267,Mendalam Kayan,,,,mend1267,
busa1255,Busang Kayan,,,,busa1255,
kaya1324,Kayan Mahakam,,,,kaya1324,
reja1241,Rejang Kayan,,,,reja1241,
muri1259,Murik (Malaysia),,,,muri1259,
moda1244,Modang,,,,moda1244,
sega1243,Segai,,,,sega1243,
iban1264,Iban,,,,iban1264,
remu1237,Remun,,,,remu1237,
sebe1242,Seberuang,,,,sebe1242,
mual1241,Mualang,,,,mual1241,
keni1248,Keninjal,,,,keni1248,
kend1254,Kendayan-Belangin,,,,kend1254,
ment1251,Menterap,,,,ment1251,
mala1480,Malayic Dayak,,,,mala1480,
haji1235,Haji,,,,haji1235,
oldm1243,Old Malay,,,,oldm1243,
duan1242,Duano,,,,duan1242,
beta1252,Betawi,,,,beta1252,
coco1260,Cocos Islands Malay,,,,coco1260,
pera1256,Peranakan Indonesian,,,,pera1256,
kaur1269,Kaur,,,,kaur1269,
cent2053,South Barisan Malay,,,,cent2053,
kubu1239,Kubu,,,,kubu1239,
coll1240,Col,,,,coll1240,
musi1241,Musi,,,,musi1241,
bang1365,Bangka,,,,bang1365,
lonc1237,Loncong,,,,lonc1237,
jamb1236,Jambi Malay,,,,jamb1236,
keri1250,Kerinci,,,,keri1250,
lubu1241,Lubu,,,,lubu1241,
mina1268,Minangkabau,,,,mina1268,
nege1240,Negeri Sembilan Malay,,,,nege1240,
peka1242,Pekal,,,,peka1242,
bali1279,Balinese Malay,,,,bali1279,
mala1479,Central Malay,,,,mala1479,
jaku1244,Jakun,,,,jaku1244,
keda1251,Kedah-Perak Malay,,,,keda1251,
patt1249,Kelantan-Pattani Malay,,,,patt1249,
urak1238,Urak Lawoi',,,,urak1238,
oran1258,Orang Kanaq,,,,oran1258,
oran1259,Orang Seletar,,,,oran1259,
temu1239,Temuan,,,,temu1239,
teng1267,Tenggarong Kutai Malay,,,,teng1267,
indo1316,Standard Indonesian,,,,indo1316,
stan1306,Standard Malay,,,,stan1306,
banj1239,Banjar,,,,banj1239,
buki1247,Bukit Malay,,,,buki1247,
bera1262,Berau Malay,,,,bera1262,
baca1243,Bacanese Malay,,,,baca1243,
brun1242,Brunei,,,,brun1242,
saba1263,Sabah Malay,,,,saba1263,
kota1275,Kota Bangun Kutai Malay,,,,kota1275,
baba1267,Baba Malay,,,,baba1267,
mala1482,Malaccan Creole Malay,,,,mala1482,
sril1245,Sri Lanka Malay,,,,sril1245,
maka1305,Makassar Malay,,,,maka1305,
lara1260,Larantuka Malay,,,,lara1260,
kupa1239,Kupang Malay,,,,kupa1239,
ambo1250,Ambonese Malay,,,,ambo1250,
band1353,Banda Malay,,,,band1353,
nort2828,North Moluccan Malay,,,,nort2828,
gora1261,Gorap,,,,gora1261,
mala1481,Manado Malay,,,,mala1481,
papu1250,Papuan Malay,,,,papu1250,
achi1257,Acehnese,,,,achi1257,
east2563,Eastern Cham,,,,east2563,
west2650,Western Cham,,,,west2650,
haro1237,Haroi,,,,haro1237,
cacg1235,Cacgia Roglai,,,,cacg1235,
chru1239,Chru,,,,chru1239,
sout3010,Southern Roglai,,,,sout3010,
nort2994,Northern Roglai,,,,nort2994,
tsat1238,Tsat,,,,tsat1238,
biha1246,Bih,,,,biha1246,
jara1266,Jarai,,,,jara1266,
rade1240,Rade,,,,rade1240,
buka1257,Bukar-Sadung Bidayuh,,,,buka1257,
baub1235,Bau-Jagoi Bidayuh,,,,baub1235,
biat1246,Biatah Bidayuh,,,,biat1246,
trin1271,Tringgus-Sembaan Bidayuh,,,,trin1271,
jang1257,Jangkang,,,,jang1257,
kemb1249,Mateq,,,,kemb1249,
sema1269,Onya Darat,,,,sema1269,
ribu1241,Ribun,,,,ribu1241,
sang1339,Sanggau,,,,sang1339,
rara1235,Rara Bakati',,,,rara1235,
sara1329,Sara Bakati',,,,sara1329,
beka1241,Riuk Bekati',,,,beka1241,
beny1237,Benyadu',,,,beny1237,
mokl1243,Moklen,,,,mokl1243,
moke1242,Moken,,,,moke1242,
gayo1244,Gayo,,,,gayo1244,
bata1292,Batak Alas-Kluet,,,,bata1292,
bata1294,Batak Dairi,,,,bata1294,
bata1293,Batak Karo,,,,bata1293,
bata1288,Batak Simalungun,,,,bata1288,
bata1290,Batak Angkola,,,,bata1290,
bata1291,Batak Mandailing,,,,bata1291,
bata1289,Batak Toba,,,,bata1289,
ment1249,Mentawai,,,,ment1249,
nias1242,Nias,,,,nias1242,
siku1242,Sikule,,,,siku1242,
sime1241,Simeulue,,,,sime1241,
reja1240,Rejang,,,,reja1240,
nasa1239,Nasal,,,,nasa1239,
engg1245,Enggano,,,,engg1245,
lamp1242,Lampung Nyo,,,,lamp1242,
kome1238,Komering,,,,kome1238,
lamp1243,Lampung Api,,,,lamp1243,
sund1252,Sundanese,,,,sund1252,
kawi1241,Kawi,,,,kawi1241,
java1254,Javanese,,,,java1254,
cari1276,Caribbean Javanese,,,,cari1276,
newc1244,New Caledonian Javanese,,,,newc1244,
teng1272,Tengger,,,,teng1272,
osin1237,Osing,,,,osin1237,
kang1289,Kangean,,,,kang1289,
nucl1460,Madurese,,,,nucl1460,
bali1278,Balinese,,,,bali1278,
sasa1249,Sasak,,,,sasa1249,
sumb1241,Sumbawa,,,,sumb1241,
sang1334,Sangar,,,,sang1334,
bima1247,Bima,,,,bima1247,
anak1240,Anakalangu,,,,anak1240,
bali1287,Baliledu-Buawa,,,,bali1287,
wanu1241,Wanukaka,,,,wanu1241,
kamb1299,Kambera,,,,kamb1299,
mamb1305,Mamboru,,,,mamb1305,
ngga1239,Garo (Sumba),,,,ngga1239,
kodi1247,Kodi,,,,kodi1247,
lamb1273,Lamboya,,,,lamb1273,
weje1237,Wewewa,,,,weje1237,
dhao1237,Dhao,,,,dhao1237,
sabu1255,Hawu,,,,sabu1255,
kepo1237,Kepo',,,,kepo1237,
komo1261,Komodo,,,,komo1261,
mang1405,Manggarai,,,,mang1405,
riun1237,Riung,,,,riun1237,
remb1250,Rembong-Wangka,,,,remb1250,
waer1237,Kolor,,,,waer1237,
rajo1237,Rajong,,,,rajo1237,
ende1246,Ende,,,,ende1246,
lioo1240,Li'o,,,,lioo1240,
keoo1238,Kéo,,,,keoo1238,
nage1237,Nage,,,,nage1237,
namu1249,Namut-Nginamanu,,,,namu1249,
ngad1261,Ngad'a,,,,ngad1261,
rong1269,Rongga,,,,rong1269,
palu1252,Palu'e,,,,palu1252,
sika1262,Sika,,,,sika1262,
alor1247,Alorese,,,,alor1247,
lama1277,Lamaholot,,,,lama1277,
lewo1244,Lewotobi,,,,lewo1244,
puka1244,Pukaunu,,,,puka1244,
adon1237,Adonara,,,,adon1237,
ilea1237,Ile Ape,,,,ilea1237,
lama1278,Peripheral Lembata,,,,lama1278,
levu1239,Central Lembata-Lewokukun,,,,levu1239,
sout2896,Eastern Atadei,,,,sout2896,
west2541,West Lembata,,,,west2541,
lama1279,Lamatuka,,,,lama1279,
lewo1243,Lewo Eleng,,,,lewo1243,
keda1252,Kedang,,,,keda1252,
bilb1242,Bilba,,,,bilb1242,
ring1244,Ringgou,,,,ring1244,
term1237,Termanu,,,,term1237,
lole1239,Lole,,,,lole1239,
tiii1241,Tii,,,,tiii1241,
dela1251,Dela-Oenale,,,,dela1251,
deng1253,Dengka,,,,deng1253,
amar1273,Amarasi,,,,amar1273,
baik1238,Baikeno,,,,baik1238,
uabm1237,Uab Meto,,,,uabm1237,
helo1243,Helong,,,,helo1243,
idat1237,Idaté,,,,idat1237,
laka1255,Lakalei,,,,laka1255,
habu1241,Habu,,,,habu1241,
tetu1245,Tetum,,,,tetu1245,
tetu1246,Tetun Dili,,,,tetu1246,
kair1265,Kairui-Midiki,,,,kair1265,
naue1237,Nauete,,,,naue1237,
waim1252,Waima'a,,,,waim1252,
galo1243,Galoli-Talur,,,,galo1243,
iliu1237,Ili'uun,,,,iliu1237,
aput1237,Aputai,,,,aput1237,
pera1257,Perai,,,,pera1257,
tugu1245,Tugun,,,,tugu1245,
maku1277,Maku'a,,,,maku1277,
kisa1266,Kisar,,,,kisa1266,
roma1332,Roma,,,,roma1332,
leti1246,Leti (Indonesia),,,,leti1246,
luan1263,Luang,,,,luan1263,
east2472,East Damar,,,,east2472,
daii1240,Dai,,,,daii1240,
dawe1237,Dawera-Daweloor,,,,dawe1237,
nort2860,North Babar,,,,nort2860,
cent2072,Central Masela,,,,cent2072,
east2462,East Masela,,,,east2462,
seri1255,Serili,,,,seri1255,
sout2883,Southeast Babar,,,,sout2883,
west2535,West Masela,,,,west2535,
empl1237,Emplawas,,,,empl1237,
imro1237,Imroing,,,,imro1237,
tela1241,Tela-Masbuar,,,,tela1241,
west2548,West Damar,,,,west2548,
sela1259,Selaru,,,,sela1259,
selu1242,Seluwasan,,,,selu1242,
nila1244,Nila,,,,nila1244,
seru1245,Serua,,,,seru1245,
teun1241,Te'un,,,,teun1241,
ambe1248,Ambelau,,,,ambe1248,
buru1303,Buru (Indonesia),,,,buru1303,
huku1237,Hukumina,,,,huku1237,
lise1239,Lisela,,,,lise1239,
sula1248,Sula,,,,sula1248,
kaye1241,Kayeli,,,,kaye1241,
asil1242,Asilulu,,,,asil1242,
boan1242,Boano (Maluku),,,,boan1242,
lari1255,Larike-Wakasihu,,,,lari1255,
luhu1243,Luhu-Piru,,,,luhu1243,
mani1297,Manipa,,,,mani1297,
paul1238,Paulohi,,,,paul1238,
laha1251,Laha (Indonesia),,,,laha1251,
seit1239,Seit-Kaitetu,,,,seit1239,
hitu1239,Hitu,,,,hitu1239,
tule1244,Tulehu,,,,tule1244,
kaib1244,Kaibobo,,,,kaib1244,
haru1244,Haruku,,,,haru1244,
amah1245,Amahai,,,,amah1245,
nusa1245,Nusa Laut,,,,nusa1245,
latu1237,Latu,,,,latu1237,
sapa1251,Saparua,,,,sapa1251,
kama1362,Kamarian,,,,kama1362,
sepa1242,Sepa (Indonesia),,,,sepa1242,
telu1263,Teluti,,,,telu1263,
hulu1246,Hulung,,,,hulu1246,
lisa1239,Lisabata-Nuniali,,,,lisa1239,
loun1239,Loun,,,,loun1239,
sale1244,Saleman,,,,sale1244,
alun1238,Alune,,,,alun1238,
naka1263,Naka'ela,,,,naka1263,
yala1266,Yalahatan-Haruru-Awaiya,,,,yala1266,
nort2864,Wemale,,,,nort2864,
huau1237,Huaulu,,,,huau1237,
manu1258,Manusela,,,,manu1258,
nort2867,North Nuaulu,,,,nort2867,
sout2895,South Nuaulu,,,,sout2895,
kema1243,Kemak,,,,kema1243,
tuku1254,Tukudede,,,,tuku1254,
wela1235,Welaun,,,,wela1235,
mamb1306,Mambae,,,,mamb1306,
ford1242,Fordata,,,,ford1242,
keii1239,Kei,,,,keii1239,
yamd1240,Yamdena,,,,yamd1240,
urua1244,Uruangnirin,,,,urua1244,
onin1245,Onin,,,,onin1245,
seka1247,Sekar,,,,seka1247,
teor1240,Teor,,,,teor1240,
kurr1245,Kur,,,,kurr1245,
irar1238,Irarutu,,,,irar1238,
kuri1260,Nabi,,,,kuri1260,
argu1237,Arguni,,,,argu1237,
bedo1237,Bedoanas,,,,bedo1237,
erok1237,Erokwanas,,,,erok1237,
beng1287,Benggoi,,,,beng1287,
hoti1237,Hoti of East Seram,,,,hoti1237,
lian1255,Liana-Seti,,,,lian1255,
sala1269,Salas,,,,sala1269,
bobo1254,Bobot,,,,bobo1254,
masi1266,Masiwang,,,,masi1266,
bati1253,Bati (Indonesia),,,,bati1253,
gese1240,Geser-Gorom,,,,gese1240,
kowi1239,Kowiai,,,,kowi1239,
watu1247,Watubela,,,,watu1247,
band1355,Banda (Indonesia),,,,band1355,
west2538,West Tarangan,,,,west2538,
east2465,East Tarangan,,,,east2465,
kare1339,Karey,,,,kare1339,
bara1367,Barakai,,,,bara1367,
lora1237,Lorang,,,,lora1237,
koba1240,Koba,,,,koba1240,
dobe1238,Dobel,,,,dobe1238,
mano1275,Manombai,,,,mano1275,
lola1248,Lola,,,,lola1248,
mari1430,Mariri,,,,mari1430,
batu1258,Batuley,,,,batu1258,
ujir1237,Ujir,,,,ujir1237,
komp1237,Kompane,,,,komp1237,
kola1285,Kola,,,,kola1285,
pala1344,Palauan,,,,pala1344,
cham1312,Chamorro,,,,cham1312,
buli1255,Buli (Indonesia),,,,buli1255,
maba1278,Maba (Indonesia),,,,maba1278,
pata1260,Patani,,,,pata1260,
sawa1247,Sawai,,,,sawa1247,
east2440,East Makian,,,,east2440,
gane1237,Gane,,,,gane1237,
gebe1237,Gebe,,,,gebe1237,
matb1237,Matbat,,,,matb1237,
kawe1240,Kawe,,,,kawe1240,
lege1241,Legenyem,,,,lege1241,
maya1282,Misool-Salawati Ma'ya,,,,maya1282,
wauy1237,Wauyai,,,,wauy1237,
waig1244,Waigeo,,,,waig1244,
biga1238,Biga,,,,biga1238,
bata1295,Batanta,,,,bata1295,
made1253,Salawati,,,,made1253,
asss1237,As,,,,asss1237,
biak1248,Biak,,,,biak1248,
roon1237,Roon,,,,roon1237,
dusn1237,Dusner,,,,dusn1237,
meos1237,Meoswar,,,,meos1237,
yaur1239,Yaur,,,,yaur1239,
ires1239,Yerisiam,,,,ires1239,
yere1243,Yeretuar,,,,yere1243,
amba1265,Ambai,,,,amba1265,
ansu1237,Ansus,,,,ansu1237,
mara1397,Marau,,,,mara1397,
wand1267,Wandamen,,,,wand1267,
woii1237,Woi,,,,woii1237,
mung1269,Munggui,,,,mung1269,
papu1251,Papuma,,,,papu1251,
pomm1237,Pom,,,,pomm1237,
busa1254,Busami,,,,busa1254,
seru1244,Serui-Laut,,,,seru1244,
kuru1305,Kurudu,,,,kuru1305,
wabo1240,Wabo,,,,wabo1240,
tand1253,Tandia,,,,tand1253,
morm1235,Mor (Mor Islands),,,,morm1235,
waro1242,Waropen,,,,waro1242,
ware1253,Warembori,,,,ware1253,
pauw1243,Pauwi,,,,pauw1243,
yoke1238,Yoke,,,,yoke1238,
ngul1236,Nguluwan,,,,ngul1236,
yape1248,Yapese,,,,yape1248,
tobi1238,Tobian,,,,tobi1238,
sons1242,Sonsorol,,,,sons1242,
ulit1238,Ulithian,,,,ulit1238,
mapi1250,Mapia,,,,mapi1250,
wole1240,Woleaian,,,,wole1240,
sata1237,Satawalese,,,,sata1237,
namo1247,Namonuito,,,,namo1247,
paaf1237,Pááfang,,,,paaf1237,
tana1281,Tanapag,,,,tana1281,
caro1242,Carolinian,,,,caro1242,
pulu1242,Puluwatese,,,,pulu1242,
poll1238,Pollapese,,,,poll1238,
chuu1238,Chuukese,,,,chuu1238,
mort1237,Mortlockese,,,,mort1237,
pohn1238,Pohnpeian,,,,pohn1238,
moki1238,Mokilese,,,,moki1238,
ping1243,Pingelapese,,,,ping1243,
mars1254,Marshallese,,,,mars1254,
gilb1244,Gilbertese,,,,gilb1244,
kosr1238,Kosraean,,,,kosr1238,
naur1243,Nauru,,,,naur1243,
kani1283,Kaniet-Dempwolff,,,,kani1283,
kani1282,Kaniet,,,,kani1282,
seim1238,Seimat,,,,seim1238,
wuvu1239,Wuvulu-Aua,,,,wuvu1239,
herm1237,Hermit,,,,herm1237,
bipi1237,Bipi,,,,bipi1237,
nyin1250,Nyindrou,,,,nyin1250,
sori1242,Sori-Harengan,,,,sori1242,
liku1243,Likum,,,,liku1243,
kheh1237,Khehek,,,,kheh1237,
mond1265,Mondropolon,,,,mond1265,
tulu1259,Tulu-Bohuai,,,,tulu1259,
pona1250,Ponam,,,,pona1250,
kurt1250,Kurti,,,,kurt1250,
eluu1241,Elu,,,,eluu1241,
kele1258,Kele (Papua New Guinea),,,,kele1258,
eree1241,Ere,,,,eree1241,
andr1248,Andra-Hus,,,,andr1248,
leip1237,Leipon,,,,leip1237,
bowa1234,Manus Koro,,,,bowa1234,
lele1270,Lele (Papua New Guinea),,,,lele1270,
tita1241,Titan,,,,tita1241,
nali1245,Nali,,,,nali1245,
loni1238,Loniu,,,,loni1238,
moke1240,Mokerang,,,,moke1240,
pakt1239,Pak-Tong,,,,pakt1239,
louu1245,Lou,,,,louu1245,
balu1257,Paluai,,,,balu1257,
lenk1247,Lenkau,,,,lenk1247,
penc1239,Penchal,,,,penc1239,
naun1237,Nauna,,,,naun1237,
muss1246,Mussau-Emira,,,,muss1246,
teni1244,Tenis,,,,teni1244,
liki1241,Liki,,,,liki1241,
sobe1238,Sobei,,,,sobe1238,
wakd1237,Wakde,,,,wakd1237,
masi1265,Masimasi,,,,masi1265,
yamn1237,Yamna,,,,yamn1237,
anus1237,Korur,,,,anus1237,
pode1237,Podena,,,,pode1237,
bong1287,Bonggo,,,,bong1287,
kapt1235,Kaptiau,,,,kapt1235,
tarp1240,Tarpia,,,,tarp1240,
ormu1248,Ormu,,,,ormu1248,
kayu1243,Kayupulau,,,,kayu1243,
toba1266,Tobati,,,,toba1266,
kapp1237,Kap,,,,kapp1237,
tuml1238,Tumleo,,,,tuml1238,
sera1260,Sera,,,,sera1260,
arop1242,Arop-Sissano,,,,arop1242,
malo1245,Malol,,,,malo1245,
siss1243,Sissano,,,,siss1243,
ulau1237,Ulau-Suain,,,,ulau1237,
kaie1237,Kaiep,,,,kaie1237,
tere1276,Terebu,,,,tere1276,
kair1263,Kairiru,,,,kair1263,
biem1237,Biem,,,,biem1237,
mana1295,Manam,,,,mana1295,
sepa1241,Sepa (Papua New Guinea),,,,sepa1241,
kiss1246,Kis,,,,kiss1246,
woge1237,Wogeo,,,,woge1237,
mede1237,Medebur,,,,mede1237,
awad1244,Awad Bing,,,,awad1244,
mind1255,Mindiri,,,,mind1255,
wabb1237,Wab,,,,wabb1237,
bilb1241,Bilibil,,,,bilb1241,
geda1237,Gedaged,,,,geda1237,
mari1428,Marik,,,,mari1428,
matu1261,Matukar,,,,matu1261,
taki1248,Takia,,,,taki1248,
mato1252,Mato,,,,mato1252,
ronj1237,Ronji,,,,ronj1237,
arop1243,Arop-Lokep,,,,arop1243,
karn1252,Karnai,,,,karn1252,
mala1487,Malasanga,,,,mala1487,
murp1234,Mur Pano,,,,murp1234,
sioo1240,Sio,,,,sioo1240,
mbul1263,Mbula,,,,mbul1263,
male1289,Maleu-Kilenge,,,,male1289,
amar1272,Amara,,,,amar1272,
lamo1244,Lamogai,,,,lamo1244,
mouk1239,Mouk-Aria,,,,mouk1239,
akol1237,Akolet,,,,akol1237,
avau1237,Avau,,,,avau1237,
lesi1239,Lesing-Gelimi,,,,lesi1239,
aikl1237,Aiklep,,,,aikl1237,
apal1255,Apalik,,,,apal1255,
gimi1242,Gimi (West New Britain),,,,gimi1242,
solo1258,Solong,,,,solo1258,
bebe1252,Bebeli,,,,bebe1252,
mang1403,Mangseng,,,,mang1403,
aigh1235,Aighon,,,,aigh1235,
karo1298,Karore,,,,karo1298,
kaul1240,Kaulong,,,,kaul1240,
miuu1237,Miu,,,,miuu1237,
seng1281,Sengseng,,,,seng1281,
lote1237,Lote,,,,lote1237,
mamu1254,Mamusi,,,,mamu1254,
meng1267,Mengen,,,,meng1267,
tami1290,Tami,,,,tami1290,
mala1489,Malalamai,,,,mala1489,
gitu1237,Gitua,,,,gitu1237,
mutu1242,Mutu,,,,mutu1242,
bari1286,Bariai,,,,bari1286,
kove1237,Kove,,,,kove1237,
lusi1240,Lusi,,,,lusi1240,
arib1241,Aribwatsa,,,,arib1241,
arib1240,Aribwaung,,,,arib1240,
duwe1237,Duwet,,,,duwe1237,
muso1238,Musom,,,,muso1238,
nafi1237,Nafi,,,,nafi1237,
labu1248,Labu,,,,labu1248,
wamp1247,Wampar,,,,wamp1247,
adze1240,Adzera,,,,adze1240,
mari1429,Mari (Madang Province),,,,mari1429,
sara1323,Sarasira,,,,sara1323,
suku1264,Sukurum,,,,suku1264,
wamp1248,Wampur,,,,wamp1248,
midd1327,Middle Watut,,,,midd1327,
nort2857,North Watut,,,,nort2857,
sout2877,South Watut,,,,sout2877,
buga1250,Bugawac,,,,buga1250,
yabe1254,Yabem,,,,yabe1254,
kela1255,Kela (Papua New Guinea),,,,kela1255,
kapi1250,Kapin,,,,kapi1250,
mang1404,Mangga Buang,,,,mang1404,
mapo1242,Mapos Buang,,,,mapo1242,
damb1246,Dambi,,,,damb1246,
kuma1278,Kumalu,,,,kuma1278,
gora1262,Gorakor,,,,gora1262,
pate1247,Patep,,,,pate1247,
zena1237,Zenag,,,,zena1237,
piuu1237,Piu,,,,piuu1237,
vehe1237,Vehes,,,,vehe1237,
hote1245,Hote,,,,hote1245,
yama1260,Yamap,,,,yama1260,
iwal1237,Iwal,,,,iwal1237,
numb1247,Numbami,,,,numb1247,
mais1250,Maisin,,,,mais1250,
aree1239,Are,,,,aree1239,
doga1238,Doga,,,,doga1238,
arif1239,Arifama-Miniafia,,,,arif1239,
gapa1238,Gapapaiwa,,,,gapa1238,
ghay1237,Ghayavi,,,,ghay1237,
kani1281,Kaninuwa,,,,kani1281,
ubir1237,Ubir,,,,ubir1237,
mina1269,Minaveha,,,,mina1269,
gwed1239,Gweda,,,,gwed1239,
haig1237,Haigwai,,,,haig1237,
maiw1249,Maiwala,,,,maiw1249,
taup1242,Taupota,,,,taup1242,
waem1237,Wa'ema,,,,waem1237,
tawa1275,Tawala,,,,tawa1275,
weda1241,Wedau,,,,weda1241,
yaka1275,Yakaikeke,,,,yaka1275,
dawa1242,Dawawa,,,,dawa1242,
kaka1267,Kakabai,,,,kaka1267,
anuk1239,Anuki,,,,anuk1239,
bwai1242,Bwaidoka,,,,bwai1242,
idun1242,Iduna,,,,idun1242,
diod1237,Diodio,,,,diod1237,
iama1237,Iamalele,,,,iama1237,
maia1251,Maiadomu,,,,maia1251,
kolu1245,Koluwawa,,,,kolu1245,
moli1248,Molima,,,,moli1248,
guma1254,Gumawana,,,,guma1254,
bose1237,Boselewa,,,,bose1237,
gale1257,Galeya,,,,gale1257,
buna1276,Bunama,,,,buna1276,
mwat1237,Mwatebu,,,,mwat1237,
dobu1241,Dobu,,,,dobu1241,
duau1237,Duau,,,,duau1237,
sewa1251,Sewa Bay,,,,sewa1251,
unub1234,Unubahe,,,,unub1234,
waga1268,Wagawaga,,,,waga1268,
buhu1237,Buhutu,,,,buhu1237,
sali1295,Saliba,,,,sali1295,
suau1242,Suau,,,,suau1242,
oyao1237,Oya'oya,,,,oyao1237,
auhe1237,'Auhelawa,,,,auhe1237,
bwan1241,Bwanabwana,,,,bwan1241,
abad1241,Abadi,,,,abad1241,
motu1246,Motu,,,,motu1246,
kuni1263,Kuni,,,,kuni1263,
lala1268,Lala,,,,lala1268,
meke1243,Mekeo,,,,meke1243,
tour1243,Toura (Papua New Guinea),,,,tour1243,
waim1251,Waima,,,,waim1251,
hula1239,Hula,,,,hula1239,
keap1239,Keapara,,,,keap1239,
sina1266,Sinaugoro,,,,sina1266,
bina1271,Bina (Papua New Guinea),,,,bina1271,
mago1248,Magori,,,,mago1248,
yoba1237,Yoba,,,,yoba1237,
ouma1237,Ouma,,,,ouma1237,
budi1249,Budibud,,,,budi1249,
kili1267,Kilivila,,,,kili1267,
muyu1244,Muyuw,,,,muyu1244,
misi1243,Misima-Paneati,,,,misi1243,
nimo1246,Nimoa,,,,nimo1246,
sude1239,Sudest,,,,sude1239,
unea1237,Uneapa,,,,unea1237,
bola1250,Bola,,,,bola1250,
bulu1253,Bulu (Papua New Guinea),,,,bulu1253,
mudu1242,Muduapa,,,,mudu1242,
mera1242,Meramera,,,,mera1242,
naka1262,Nakanai,,,,naka1262,
tomo1244,Tomoip,,,,tomo1244,
tung1290,Tungag,,,,tung1290,
tiga1245,Tigak,,,,tiga1245,
tian1237,Tiang,,,,tian1237,
kara1486,Kara (Papua New Guinea),,,,kara1486,
laku1238,Lakuramau,,,,laku1238,
nali1244,Nalik,,,,nali1244,
nots1237,Notsi,,,,nots1237,
mand1440,Mandara,,,,mand1440,
lihi1237,Lihir,,,,lihi1237,
lava1239,Lavatbura-Lamusong,,,,lava1239,
baro1253,Barok,,,,baro1253,
mada1285,Madak,,,,mada1285,
gura1254,Guramalum,,,,gura1254,
kuan1248,Kuanua,,,,kuan1248,
mini1251,Minigir,,,,mini1251,
patp1243,Patpatar,,,,patp1243,
bilu1244,Bilur,,,,bilu1244,
labe1239,Label,,,,labe1239,
kand1301,Kandas,,,,kand1301,
ramo1244,Ramoaaina,,,,ramo1244,
siar1238,Siar-Lak,,,,siar1238,
surs1246,Sursurunga,,,,surs1246,
kono1269,Konomala,,,,kono1269,
tang1348,Tangga,,,,tang1348,
hako1237,Hakö,,,,hako1237,
hali1244,Halia,,,,hali1244,
peta1245,Petats,,,,peta1245,
sapo1253,Saposa,,,,sapo1253,
haho1237,Hahon,,,,haho1237,
teop1238,Teop,,,,teop1238,
tinp1237,Tinputz,,,,tinp1237,
neha1247,Nehan,,,,neha1247,
papa1265,Papapana,,,,papa1265,
solo1257,Solos,,,,solo1257,
bann1247,Bannoni,,,,bann1247,
lawu1237,Lawunuia,,,,lawu1237,
mono1273,Mono-Alu,,,,mono1273,
tora1259,Torau,,,,tora1259,
urua1242,Uruava,,,,urua1242,
riri1237,Ririo,,,,riri1237,
baba1268,Babatana,,,,baba1268,
sisi1250,Sisiqa,,,,sisi1250,
vagh1249,Vaghua,,,,vagh1249,
vari1239,Varisi,,,,vari1239,
maro1244,Marovo,,,,maro1244,
vang1243,Vangunu,,,,vang1243,
hoav1238,Hoava,,,,hoav1238,
kusa1251,Kusaghe-Njela,,,,kusa1251,
rovi1238,Roviana,,,,rovi1238,
ughe1237,Ughele,,,,ughe1237,
kazu1245,Kazukuru,,,,kazu1245,
duke1237,Duke,,,,duke1237,
ghan1242,Ghanongga,,,,ghan1242,
lung1249,Lungga,,,,lung1249,
simb1256,Simbo,,,,simb1256,
lagh1246,Laghu,,,,lagh1246,
zaba1237,Zabana,,,,zaba1237,
koko1269,Kokota,,,,koko1269,
blab1237,Blablanga,,,,blab1237,
zaza1245,Zazao,,,,zaza1245,
chek1238,Cheke Holo,,,,chek1238,
gaoo1237,Gao,,,,gaoo1237,
bugh1239,Bughotu,,,,bugh1239,
gela1263,Gela,,,,gela1263,
ghar1239,Ghari,,,,ghar1239,
leng1259,Lengo,,,,leng1259,
mala1484,Malango,,,,mala1484,
tali1259,Talise,,,,tali1259,
bira1254,Birao,,,,bira1254,
long1395,Longgu,,,,long1395,
gula1270,Gula'alaa,,,,gula1270,
kwai1243,Kwaio,,,,kwai1243,
kwar1239,Kwara'ae,,,,kwar1239,
baeg1237,Baeggu,,,,baeg1237,
bael1237,Baelelea,,,,bael1237,
fata1245,Fataleka,,,,fata1245,
lauu1247,Lau,,,,lauu1247,
toab1237,To'abaita,,,,toab1237,
wala1266,Wala,,,,wala1266,
area1240,'Are'are,,,,area1240,
dori1246,Dori'o,,,,dori1246,
oroh1237,Oroha,,,,oroh1237,
saaa1240,Sa'a,,,,saaa1240,
aros1241,Arosi,,,,aros1241,
baur1252,Bauro,,,,baur1252,
faga1239,Fagani,,,,faga1239,
kahu1241,Kahua,,,,kahu1241,
owaa1237,Owa,,,,owaa1237,
ayiw1239,Äiwoo,,,,ayiw1239,
nang1262,Nanggu,,,,nang1262,
nalo1235,Nalögo,,,,nalo1235,
natu1246,Natügu,,,,natu1246,
vano1237,Lovono,,,,vano1237,
tane1237,Tanema,,,,tane1237,
tean1237,Teanu,,,,tean1237,
amba1266,Amba (Solomon Islands),,,,amba1266,
asum1237,Asumboa,,,,asum1237,
tani1255,Tanimbili,,,,tani1255,
hiww1237,Hiw,,,,hiww1237,
loto1240,Lo-Toga,,,,loto1240,
leha1243,Lehali,,,,leha1243,
leha1244,Lehalurup,,,,leha1244,
motl1237,Mwotlap,,,,motl1237,
mota1237,Mota,,,,mota1237,
leme1238,Lemerig,,,,leme1238,
vera1241,Vera'a,,,,vera1241,
vure1239,Vurës,,,,vure1239,
nume1241,Nume,,,,nume1241,
koro1308,Koro-Olrat,,,,koro1308,
lako1245,Lakon,,,,lako1245,
weta1242,Dorig,,,,weta1242,
merl1237,Merlav,,,,merl1237,
mari1426,Sunwadia,,,,mari1426,
cent2058,Central Maewo,,,,cent2058,
baet1237,Baetora,,,,baet1237,
east2443,East Ambae,,,,east2443,
west2513,West Ambae,,,,west2513,
hano1246,Hano,,,,hano1246,
noku1237,Nokuku,,,,noku1237,
piam1242,Piamatsina,,,,piam1242,
tasm1246,Tasmate,,,,tasm1246,
valp1237,Valpei,,,,valp1237,
vuna1239,Vunapu,,,,vuna1239,
tolo1255,Tolomako,,,,tolo1255,
wusi1237,Kula (Vanuatu),,,,wusi1237,
mere1242,Merei,,,,mere1242,
navu1237,Navut,,,,navu1237,
tial1239,Tiale,,,,tial1239,
ambl1237,Amblong,,,,ambl1237,
moro1286,Ande,,,,moro1286,
nara1263,Narango,,,,nara1263,
fort1240,Kiai,,,,fort1240,
akei1237,Akei,,,,akei1237,
wail1242,Ale,,,,wail1242,
lore1244,Nethalp,,,,lore1244,
shar1244,Ngen,,,,shar1244,
mafe1237,Mafea,,,,mafe1237,
tutu1241,Tutuba,,,,tutu1241,
butm1237,Farafi,,,,butm1237,
polo1242,Polonombauk,,,,polo1242,
tamb1253,Tambotalo,,,,tamb1253,
aore1237,Aore,,,,aore1237,
arak1252,Araki,,,,arak1252,
tang1347,Movono,,,,tang1347,
rori1237,Mores,,,,rori1237,
malo1243,Tamambo,,,,malo1243,
saka1289,Wanohe,,,,saka1289,
malu1245,Malua-Tepërav,,,,malu1245,
mpot1241,Mpotovoro,,,,mpot1241,
vaoo1237,Vao-Vovo,,,,vaoo1237,
nese1235,Nese,,,,nese1235,
lare1249,Larevat,,,,lare1249,
litz1237,Naman,,,,litz1237,
vinm1237,Neve'ei,,,,vinm1237,
ling1265,Neverver,,,,ling1265,
bign1238,Big Nambas,,,,bign1238,
mara1399,Maragus,,,,mara1399,
maee1241,Tirax,,,,maee1241,
katb1237,Avava,,,,katb1237,
dixo1238,Dixon Reef,,,,dixo1238,
lete1241,Letemboi-Repanbitip,,,,lete1241,
nasa1240,Nasarian,,,,nasa1240,
navw1234,Navwien,,,,navw1234,
malf1237,Na'ahai,,,,malf1237,
sout2857,Nahavaq,,,,sout2857,
niti1249,Nitita,,,,niti1249,
vivt1234,Vivti,,,,vivt1234,
nati1244,Nati,,,,nati1244,
labo1244,Ninde,,,,labo1244,
urip1239,Uripiv-Wala-Rano-Atchin,,,,urip1239,
rere1240,Rerep,,,,rere1240,
unua1237,Unua,,,,unua1237,
aulu1238,Aulua,,,,aulu1238,
burm1263,Burmbar,,,,burm1263,
bwen1239,Bwenelang,,,,bwen1239,
mask1242,Maskelynes,,,,mask1242,
nasv1234,Nasvang,,,,nasv1234,
nisv1234,Nisvai,,,,nisv1234,
avok1244,Avok,,,,avok1244,
axam1237,Axamb,,,,axam1237,
port1285,Port Sandwich,,,,port1285,
seke1241,Seke (Vanuatu),,,,seke1241,
sowa1244,Sowa,,,,sowa1244,
apma1240,Apma,,,,apma1240,
saaa1241,Sa,,,,saaa1241,
nort2839,North Ambrym,,,,nort2839,
sout2859,Southeast Ambrym,,,,sout2859,
lonw1238,Lonwolwol,,,,lonw1238,
orko1234,Orkon-Fanbak,,,,orko1234,
dalk1234,Dalkalaen,,,,dalk1234,
port1286,Daakie,,,,port1286,
daka1243,Dakaka,,,,daka1243,
paam1238,Paama,,,,paam1238,
baki1244,Baki,,,,baki1244,
bier1244,Bierebo,,,,bier1244,
bier1246,Bieria,,,,bier1246,
maii1238,Maii,,,,maii1238,
lame1260,Lamenu,,,,lame1260,
lewo1242,Lewo,,,,lewo1242,
lele1267,Lelepa,,,,lele1267,
nort2836,North Efate,,,,nort2836,
eton1255,Eton (Vanuatu),,,,eton1255,
sout2856,Nafsan,,,,sout2856,
nama1268,Namakura,,,,nama1268,
ifoo1237,Ifo,,,,ifoo1237,
siee1239,Sie,,,,siee1239,
urav1235,Ura (Vanuatu),,,,urav1235,
lena1238,Lenakel,,,,lena1238,
nort2847,North Tanna,,,,nort2847,
whit1269,Whitesands,,,,whit1269,
kwam1252,Kwamera,,,,kwam1252,
sout2869,Southwest Tanna,,,,sout2869,
anei1239,Aneityum,,,,anei1239,
dehu1237,Dehu,,,,dehu1237,
iaai1238,Iaai,,,,iaai1238,
neng1238,Nengone,,,,neng1238,
caac1237,Caac,,,,caac1237,
kuma1276,Nêlêmwa-Nixumwak,,,,kuma1276,
yuag1237,Yuaga,,,,yuag1237,
bala1316,Balade,,,,bala1316,
nyal1254,Belep,,,,nyal1254,
jawe1237,Jawe,,,,jawe1237,
fwai1237,Fwâi,,,,fwai1237,
nemi1240,Nemi,,,,nemi1240,
pije1237,Pije,,,,pije1237,
pwaa1237,Pwaamei,,,,pwaa1237,
pwap1237,Pwapwa,,,,pwap1237,
cemu1238,Cemuhî,,,,cemu1238,
paic1239,Paicî,,,,paic1239,
bwat1240,Bwatoo,,,,bwat1240,
haek1239,Haeke,,,,haek1239,
have1241,Haveke,,,,have1241,
hmwa1243,Hmwaveke,,,,hmwa1243,
vama1243,Vamale,,,,vama1243,
waam1236,Waamwang,,,,waam1236,
ajie1238,Ajië,,,,ajie1238,
arha1237,Arhâ,,,,arha1237,
arho1237,Arhö,,,,arho1237,
tiri1258,Tiri-Mea,,,,tiri1258,
orow1242,Orowe,,,,orow1242,
zire1240,Zire,,,,zire1240,
neku1237,Neku,,,,neku1237,
xara1244,Xârâcùù,,,,xara1244,
xara1243,Xaragure,,,,xara1243,
dumb1241,Dumbea,,,,dumb1241,
nume1242,Numee,,,,nume1242,
rotu1241,Rotuman,,,,rotu1241,
namo1248,Namosi-Naitasiri-Serua,,,,namo1248,
west2519,Western Viti Levu-Yasawas Fijian,,,,west2519,
fiji1243,Fijian,,,,fiji1243,
loma1261,Lomaiviti,,,,loma1261,
gone1237,Gone Dau,,,,gone1237,
laua1243,Lauan,,,,laua1243,
tong1325,Tonga (Tonga Islands),,,,tong1325,
niue1239,Niuean,,,,niue1239,
east2447,East Futuna,,,,east2447,
niua1240,Niuafo'ou,,,,niua1240,
niua1241,Niuatoputapu,,,,niua1241,
wall1257,East Uvean,,,,wall1257,
samo1305,Samoan,,,,samo1305,
toke1240,Tokelau,,,,toke1240,
puka1242,Pukapuka,,,,puka1242,
tuva1244,Tuvalu,,,,tuva1244,
west2516,West Uvean,,,,west2516,
futu1245,Futuna-Aniwa,,,,futu1245,
mele1250,Mele-Fila,,,,mele1250,
emae1237,Emae,,,,emae1237,
tiko1237,Tikopia,,,,tiko1237,
anut1237,Anuta,,,,anut1237,
pile1238,Vaeakau-Taumako,,,,pile1238,
renn1242,Rennell-Bellona,,,,renn1242,
kapi1249,Kapingamarangi,,,,kapi1249,
nuku1260,Nukuoro,,,,nuku1260,
sika1261,Sikaiana,,,,sika1261,
onto1237,Luangiua,,,,onto1237,
nuku1258,Nukumanu,,,,nuku1258,
taku1257,Takuu,,,,taku1257,
nuku1259,Nukuria,,,,nuku1259,
maor1246,Maori,,,,maor1246,
mori1267,Moriori,,,,mori1267,
raro1241,Southern Cook Island Maori,,,,raro1241,
raka1237,Rakahanga-Manihiki,,,,raka1237,
penr1237,Māngarongaro,,,,penr1237,
aust1304,Austral,,,,aust1304,
tahi1242,Tahitian,,,,tahi1242,
tuam1242,Tuamotuan,,,,tuam1242,
rapa1245,Mangaia-Old Rapa,,,,rapa1245,
hawa1245,Hawaiian,,,,hawa1245,
nort2845,North Marquesan,,,,nort2845,
sout2866,South Marquesan,,,,sout2866,
mang1401,Mangareva,,,,mang1401,
rapa1244,Rapanui,,,,rapa1244,
